{
  "pdf": "workspace\\cqupt-final\\raw\\text3.pdf",
  "preset": "cqupt_subjective_v1",
  "description": "CQUPT final-exam subjective-answer blocks. This preset follows the current manual layout assumptions: q8 is below q7 on page 1; page 2 uses a left-right layout where q9 sits above the comprehensive section, programming is in the left upper-middle area, algorithm is split across the left lower area and the right upper area, and white-box testing is in the right lower area.",
  "page_indices": [
    0,
    1
  ],
  "full_page_images": {
    "0": "workspace\\cqupt-final\\logs\\subjective-crop-debug\\page1-full.png",
    "1": "workspace\\cqupt-final\\logs\\subjective-crop-debug\\page2-full.png"
  },
  "page_rects": {
    "0": {
      "x0": 0.0,
      "y0": 0.0,
      "x1": 1190.6400146484375,
      "y1": 841.9199829101562,
      "width": 1190.6400146484375,
      "height": 841.9199829101562
    },
    "1": {
      "x0": 0.0,
      "y0": 0.0,
      "x1": 1190.6400146484375,
      "y1": 841.9199829101562,
      "width": 1190.6400146484375,
      "height": 841.9199829101562
    }
  },
  "crops": {
    "q8": {
      "file": "workspace\\cqupt-final\\logs\\subjective-crop-debug\\q8-p1.png",
      "page_index": 0,
      "part_index": 1,
      "relative_rect": {
        "x0": 0.52,
        "y0": 0.58,
        "x1": 0.98,
        "y1": 0.96
      },
      "absolute_rect": {
        "x0": 619.1328076171875,
        "y0": 488.3135900878906,
        "x1": 1166.8272143554686,
        "y1": 808.24318359375,
        "width": 547.6944067382811,
        "height": 319.92959350585943
      }
    },
    "q9": {
      "file": "workspace\\cqupt-final\\logs\\subjective-crop-debug\\q9-p2.png",
      "page_index": 1,
      "part_index": 1,
      "relative_rect": {
        "x0": 0.04,
        "y0": 0.04,
        "x1": 0.47,
        "y1": 0.2
      },
      "absolute_rect": {
        "x0": 47.6256005859375,
        "y0": 33.67679931640625,
        "x1": 559.6008068847656,
        "y1": 168.38399658203127,
        "width": 511.9752062988281,
        "height": 134.707197265625
      }
    },
    "programming_01": {
      "file": "workspace\\cqupt-final\\logs\\subjective-crop-debug\\programming_01-p2.png",
      "page_index": 1,
      "part_index": 1,
      "relative_rect": {
        "x0": 0.02,
        "y0": 0.22,
        "x1": 0.52,
        "y1": 0.72
      },
      "absolute_rect": {
        "x0": 23.81280029296875,
        "y0": 185.2223962402344,
        "x1": 619.1328076171875,
        "y1": 606.1823876953125,
        "width": 595.3200073242188,
        "height": 420.9599914550781
      }
    },
    "algorithm_01": [
      {
        "file": "workspace\\cqupt-final\\logs\\subjective-crop-debug\\algorithm_01-p2-part1.png",
        "page_index": 1,
        "part_index": 1,
        "relative_rect": {
          "x0": 0.02,
          "y0": 0.74,
          "x1": 0.52,
          "y1": 0.96
        },
        "absolute_rect": {
          "x0": 23.81280029296875,
          "y0": 623.0207873535156,
          "x1": 619.1328076171875,
          "y1": 808.24318359375,
          "width": 595.3200073242188,
          "height": 185.2223962402344
        }
      },
      {
        "file": "workspace\\cqupt-final\\logs\\subjective-crop-debug\\algorithm_01-p2-part2.png",
        "page_index": 1,
        "part_index": 2,
        "relative_rect": {
          "x0": 0.52,
          "y0": 0.05,
          "x1": 0.97,
          "y1": 0.46
        },
        "absolute_rect": {
          "x0": 619.1328076171875,
          "y0": 42.09599914550782,
          "x1": 1154.9208142089844,
          "y1": 387.2831921386719,
          "width": 535.788006591797,
          "height": 345.1871929931641
        }
      }
    ],
    "white_box_testing_01": {
      "file": "workspace\\cqupt-final\\logs\\subjective-crop-debug\\white_box_testing_01-p2.png",
      "page_index": 1,
      "part_index": 1,
      "relative_rect": {
        "x0": 0.46,
        "y0": 0.44,
        "x1": 0.97,
        "y1": 0.95
      },
      "absolute_rect": {
        "x0": 547.6944067382813,
        "y0": 370.4447924804688,
        "x1": 1154.9208142089844,
        "y1": 799.8239837646483,
        "width": 607.2264074707032,
        "height": 429.37919128417957
      }
    }
  }
}